City_ID,City,Lat,Lng,Max Temp,Humidity,Cloudiness,Wind Speed,Country,Date
0,Dikson,73.5069,80.5464,-34.33,87,5,6.4,RU,2023-01-16 20:11:44
1,Cape Town,-33.9258,18.4232,77.34,67,6,13.0,ZA,2023-01-16 20:11:22
2,Mar Del Plata,-38.0023,-57.5575,76.82,81,1,5.99,AR,2023-01-16 20:11:44
3,Narsaq,60.9167,-46.05,5.22,70,4,10.38,GL,2023-01-16 20:11:45
4,Punta Arenas,-53.15,-70.9167,57.22,30,0,35.68,CL,2023-01-16 20:11:45
5,Keti Bandar,24.1447,67.4497,63.43,29,5,8.32,PK,2023-01-16 20:11:46
6,Koratagere,13.5228,77.2331,62.47,55,15,5.32,IN,2023-01-16 20:11:46
7,Vardo,70.3705,31.1107,35.58,80,75,16.11,NO,2023-01-16 20:11:47
8,Hasaki,35.7333,140.8333,34.21,55,67,13.2,JP,2023-01-16 20:11:47
9,Atuona,-9.8,-139.0333,77.38,77,100,14.38,PF,2023-01-16 20:11:47
10,Ushuaia,-54.8,-68.3,53.22,44,88,10.16,AR,2023-01-16 20:11:48
11,Vaini,-21.2,-175.2,80.58,76,32,8.08,TO,2023-01-16 20:11:48
12,Polewali,-3.4324,119.3435,75.88,89,100,3.44,ID,2023-01-16 20:11:49
13,Emerald,-23.5333,148.1667,68.34,92,100,11.79,AU,2023-01-16 20:11:49
14,Rawlins,41.7911,-107.2387,31.35,69,0,18.41,US,2023-01-16 20:11:49
15,Busselton,-33.65,115.3333,51.35,71,10,8.43,AU,2023-01-16 20:11:50
16,Esperance,-33.8667,121.9,60.82,58,30,14.43,AU,2023-01-16 20:11:50
17,Jalu,29.0331,21.5482,56.01,59,0,2.93,LY,2023-01-16 20:11:51
18,Yellowknife,62.456,-114.3525,-2.45,98,95,5.99,CA,2023-01-16 20:09:03
19,Severnyy,50.677,36.5532,28.44,93,75,8.95,RU,2023-01-16 20:11:51
20,Dessalines,19.2833,-72.5,83.05,32,0,6.62,HT,2023-01-16 20:11:51
21,Shitanjing,39.2342,106.3439,10.04,68,3,24.9,CN,2023-01-16 20:11:52
22,Luba,3.4568,8.5547,80.87,83,44,8.95,GQ,2023-01-16 20:11:52
23,Pitimbu,-7.4706,-34.8086,82.99,71,100,9.26,BR,2023-01-16 20:11:53
24,Atar,20.5169,-13.0499,74.23,13,100,11.1,MR,2023-01-16 20:08:54
25,Taltal,-25.4,-70.4833,70.25,68,17,6.46,CL,2023-01-16 20:11:53
26,Saskylakh,71.9167,114.0833,-32.35,100,70,6.53,RU,2023-01-16 20:11:54
27,Vila Velha,-20.3297,-40.2925,82.35,78,40,16.11,BR,2023-01-16 20:08:09
28,Hermanus,-34.4187,19.2345,73.8,82,26,18.48,ZA,2023-01-16 20:11:54
29,Lebu,-37.6167,-73.65,61.52,69,7,14.47,CL,2023-01-16 20:11:55
30,Soloneshnoye,51.6544,84.3197,18.05,79,100,7.61,RU,2023-01-16 20:11:55
31,New Norfolk,-42.7826,147.0587,58.5,92,18,1.9,AU,2023-01-16 20:11:55
32,Bredasdorp,-34.5322,20.0403,70.57,87,99,17.45,ZA,2023-01-16 20:07:38
33,Salinopolis,-0.6136,-47.3561,79.47,78,92,9.55,BR,2023-01-16 20:11:56
34,Saint-Philippe,-21.3585,55.7679,78.39,81,19,11.05,RE,2023-01-16 20:11:56
35,Bay-Khaak,51.1667,94.5,-6.75,95,100,2.28,RU,2023-01-16 20:11:57
36,Lakes Entrance,-37.8811,147.981,66.16,92,2,3.2,AU,2023-01-16 20:11:57
37,Bengkulu,-3.8004,102.2655,74.98,91,100,4.29,ID,2023-01-16 20:11:57
38,Tagusao,9.1924,117.8141,76.62,88,96,4.41,PH,2023-01-16 20:11:58
39,Tavares,28.8042,-81.7256,70.16,33,0,3.44,US,2023-01-16 20:11:58
40,Kapaa,22.0752,-159.319,79.12,78,0,5.75,US,2023-01-16 20:07:54
41,Bambous Virieux,-20.3428,57.7575,78.22,74,95,16.2,MU,2023-01-16 20:11:59
42,Port Alfred,-33.5906,26.891,70.18,98,99,1.01,ZA,2023-01-16 20:11:59
43,Thompson,55.7435,-97.8558,8.76,85,100,5.75,CA,2023-01-16 20:11:59
44,Rikitea,-23.1203,-134.9692,77.38,71,8,8.14,PF,2023-01-16 20:51:35
45,Bluff,-46.6,168.3333,60.13,75,13,15.64,NZ,2023-01-16 20:51:36
46,Mataura,-46.1927,168.8643,59.77,75,100,5.7,NZ,2023-01-16 20:51:36
47,Hobart,-42.8794,147.3294,61.27,76,75,5.75,AU,2023-01-16 20:47:04
48,Letka,59.6011,49.4232,13.89,93,100,11.83,RU,2023-01-16 20:51:37
49,Deyang,31.1302,104.382,31.32,66,30,1.74,CN,2023-01-16 20:51:37
50,Vilcun,-38.65,-72.2333,63.34,19,90,8.88,CL,2023-01-16 20:51:37
51,Mount Gambier,-37.8333,140.7667,70.57,29,59,7.43,AU,2023-01-16 20:51:38
52,Neryungri,56.6709,124.6491,-41.71,99,100,2.8,RU,2023-01-16 20:49:44
53,Jamestown,42.097,-79.2353,46.04,29,0,0.0,US,2023-01-16 20:51:38
54,Rio Gallegos,-51.6226,-69.2181,68.05,17,0,25.32,AR,2023-01-16 20:51:39
55,Gornopravdinsk,60.05,69.9,10.99,96,76,5.84,RU,2023-01-16 20:51:39
56,Srednekolymsk,67.45,153.6833,-45.51,99,93,5.91,RU,2023-01-16 20:51:39
57,Vila Franca Do Campo,37.7167,-25.4333,55.81,84,13,7.05,PT,2023-01-16 20:51:40
58,Coihaique,-45.5752,-72.0662,72.21,37,0,5.75,CL,2023-01-16 20:48:13
59,Luderitz,-26.6481,15.1594,65.7,88,94,7.85,NA,2023-01-16 20:51:40
60,Fort Morgan,40.2503,-103.8,33.22,100,0,4.61,US,2023-01-16 20:51:37
61,Acapulco,16.8634,-99.8901,82.58,65,7,10.42,MX,2023-01-16 20:49:20
62,Mount Isa,-20.7333,139.5,76.77,78,100,4.61,AU,2023-01-16 20:51:41
63,Varna,43.2167,27.9167,48.34,85,100,8.05,BG,2023-01-16 20:51:41
64,Albany,42.6001,-73.9662,36.25,56,87,1.01,US,2023-01-16 20:51:42
65,Clyde River,70.4692,-68.5914,-5.57,84,100,19.57,CA,2023-01-16 20:51:42
66,Butaritari,3.0707,172.7902,80.96,78,15,16.28,KI,2023-01-16 20:51:42
67,San Patricio,28.017,-97.5169,84.16,43,20,5.35,US,2023-01-16 20:51:43
68,Monrovia,6.3005,-10.7969,80.37,86,14,7.14,LR,2023-01-16 20:51:43
69,Julio De Castilhos,-29.2269,-53.6817,87.91,33,24,9.62,BR,2023-01-16 20:51:44
70,Kavaratti,10.5669,72.642,79.09,72,71,6.29,IN,2023-01-16 20:51:44
71,Zheleznodorozhnyy,55.7503,38.0042,27.14,95,100,10.6,RU,2023-01-16 20:51:44
72,Krasnokamensk,50.0979,118.0369,-13.81,96,32,7.92,RU,2023-01-16 20:51:45
73,Nikolskoye,59.7035,30.7861,37.29,88,84,11.14,RU,2023-01-16 20:51:45
74,Kefamenanu,-9.4467,124.4781,70.7,90,93,1.9,ID,2023-01-16 20:51:46
75,Port Elizabeth,-33.918,25.5701,74.1,97,100,11.5,ZA,2023-01-16 20:50:00
76,Saint George,37.1041,-113.5841,46.99,87,100,10.36,US,2023-01-16 20:51:39
77,Avarua,-21.2078,-159.775,80.65,74,20,4.61,CK,2023-01-16 20:50:49
78,Isangel,-19.55,169.2667,77.11,83,55,3.44,VU,2023-01-16 20:51:46
79,Norman Wells,65.282,-126.8329,-13.92,98,99,0.45,CA,2023-01-16 20:51:47
80,San Francisco,37.7749,-122.4194,57.27,70,75,30.0,US,2023-01-16 20:49:18
81,Pevek,69.7008,170.3133,-29.94,100,68,1.05,RU,2023-01-16 20:51:47
82,Georgetown,5.4112,100.3354,78.73,86,20,9.22,MY,2023-01-16 20:48:19
83,Rabo De Peixe,37.8,-25.5833,54.91,71,40,16.11,PT,2023-01-16 20:51:48
84,Barinitas,8.7622,-70.4111,92.68,50,100,2.42,VE,2023-01-16 20:51:48
85,Bethel,41.3712,-73.414,42.67,48,0,16.11,US,2023-01-16 20:51:49
86,Pitelino,54.5777,41.8145,16.59,94,91,10.47,RU,2023-01-16 20:51:49
87,Barrow,71.2906,-156.7887,-21.98,76,20,13.8,US,2023-01-16 20:51:49
88,Orlik,52.5178,99.825,-9.33,89,100,3.74,RU,2023-01-16 20:51:50
89,Crateus,-5.1783,-40.6775,71.87,89,100,4.59,BR,2023-01-16 20:51:50
90,Egvekinot,66.3167,-179.1667,-19.79,83,84,19.01,RU,2023-01-16 20:51:51
91,Hambantota,6.1241,81.1185,74.71,88,93,11.92,LK,2023-01-16 20:51:51
92,Tarakan,3.3,117.6333,79.88,75,23,4.63,ID,2023-01-16 20:51:51
93,Tessalit,20.1986,1.0114,67.78,18,0,10.29,ML,2023-01-16 20:52:52
94,Kimbe,-5.5502,150.1429,75.61,93,100,3.42,PG,2023-01-16 20:52:52
95,Kaitangata,-46.2817,169.8464,61.16,72,95,6.71,NZ,2023-01-16 20:52:53
96,Arraial Do Cabo,-22.9661,-42.0278,82.36,69,0,21.85,BR,2023-01-16 20:52:53
97,Nanortalik,60.1432,-45.2371,8.51,60,4,18.52,GL,2023-01-16 20:52:53
98,Ostrovnoy,68.0531,39.5131,32.07,86,100,21.5,RU,2023-01-16 20:52:54
99,Souillac,-20.5167,57.5167,79.18,78,40,11.5,MU,2023-01-16 20:52:54
100,Fasa,28.9383,53.6482,51.04,87,75,4.61,IR,2023-01-16 20:52:55
101,Pacific Grove,36.6177,-121.9166,51.51,88,100,8.99,US,2023-01-16 20:52:55
102,Divo,5.8397,-5.36,73.2,82,19,3.15,CI,2023-01-16 20:52:56
103,Lata,40.1629,-8.3327,56.8,93,99,15.7,PT,2023-01-16 20:52:56
104,Kota Belud,6.351,116.4305,73.8,86,31,3.91,MY,2023-01-16 20:52:56
105,Maumere,-8.6199,122.2111,79.36,80,99,5.68,ID,2023-01-16 20:52:57
106,Hofn,64.2539,-15.2082,30.04,60,100,23.22,IS,2023-01-16 20:52:57
107,Tasiilaq,65.6145,-37.6368,13.37,68,100,8.59,GL,2023-01-16 20:52:58
108,Laguna,38.421,-121.4238,56.14,70,0,11.5,US,2023-01-16 20:52:58
109,Dobson,36.3957,-80.7226,53.22,26,0,0.0,US,2023-01-16 20:52:59
110,Havelock,34.8791,-76.9013,57.16,28,0,12.66,US,2023-01-16 20:52:59
111,Salalah,17.0151,54.0924,69.85,77,43,3.04,OM,2023-01-16 20:52:59
112,Erenhot,43.6475,111.9767,4.62,91,35,6.67,CN,2023-01-16 20:53:00
113,Katsuura,35.1333,140.3,43.54,66,95,10.69,JP,2023-01-16 20:53:00
114,Waddan,29.1614,16.139,55.76,42,0,4.83,LY,2023-01-16 20:53:01
115,Staryy Nadym,65.6118,72.6842,-3.17,97,100,10.36,RU,2023-01-16 20:53:01
116,Inhambane,-23.865,35.3833,79.57,74,86,8.88,MZ,2023-01-16 20:53:02
117,Khatanga,71.9667,102.5,-40.14,97,25,8.9,RU,2023-01-16 20:53:02
118,Conakry,9.538,-13.6773,80.67,83,12,9.22,GN,2023-01-16 20:48:44
119,Hithadhoo,-0.6,73.0833,79.52,67,22,4.0,MV,2023-01-16 20:53:03
120,Goderich,43.7501,-81.7165,42.91,36,100,12.66,CA,2023-01-16 20:53:03
121,Dunedin,-45.8742,170.5036,63.81,62,42,8.01,NZ,2023-01-16 20:53:04
122,Togul,53.465,85.9128,12.22,92,100,16.02,RU,2023-01-16 20:53:04
123,Eirunepe,-6.6603,-69.8736,80.17,76,93,3.96,BR,2023-01-16 20:53:04
124,Bambanglipuro,-7.95,110.2833,76.6,89,97,3.62,ID,2023-01-16 20:53:05
125,Progreso,21.2833,-89.6667,85.1,44,39,6.35,MX,2023-01-16 20:53:05
126,Bowen,-20.0167,148.2333,76.37,92,100,1.68,AU,2023-01-16 20:53:06
127,Labuhan,-6.8844,112.2051,76.96,90,100,6.78,ID,2023-01-16 20:53:06
128,Rafsanjan,30.4067,55.9939,48.02,60,100,4.0,IR,2023-01-16 20:53:07
129,Ibra,22.6906,58.5334,63.64,58,64,3.62,OM,2023-01-16 20:53:07
130,Grafton,42.207,-71.6856,33.28,71,100,17.27,US,2023-01-16 20:53:07
131,Naze,28.3667,129.4833,54.52,67,93,12.8,JP,2023-01-16 20:56:00
132,Faanui,-16.4833,-151.75,79.77,63,95,14.09,PF,2023-01-16 20:56:00
133,Golfito,8.639,-83.166,82.18,71,73,5.48,CR,2023-01-16 20:56:00
134,Victoria,22.2855,114.1577,55.94,83,100,13.0,HK,2023-01-16 20:56:01
135,Carnarvon,-24.8667,113.6333,71.2,65,0,24.52,AU,2023-01-16 20:56:01
136,Longyearbyen,78.2186,15.6401,17.44,62,20,23.02,SJ,2023-01-16 20:57:02
137,The Valley,18.217,-63.0578,75.34,88,40,11.5,AI,2023-01-16 20:56:54
138,Jieshi,22.8134,115.8257,52.43,66,99,10.67,CN,2023-01-16 20:57:02
139,Cervo,43.6702,-7.4101,56.16,88,100,34.99,ES,2023-01-16 20:57:03
140,Severo-Kurilsk,50.6789,156.125,16.14,63,67,8.19,RU,2023-01-16 20:57:03
141,Qaanaaq,77.484,-69.3632,-8.77,50,73,6.02,GL,2023-01-16 20:57:03
142,Houma,29.5958,-90.7195,72.0,80,100,11.34,US,2023-01-16 20:54:06
143,Levelland,33.5873,-102.378,64.18,30,18,21.72,US,2023-01-16 20:57:04
144,Puro,12.4841,123.3827,76.64,91,99,8.23,PH,2023-01-16 20:57:05
145,Gat,31.61,34.7642,56.39,100,55,4.43,IL,2023-01-16 20:54:05
146,Sukumo,32.9333,132.7333,43.93,81,71,5.99,JP,2023-01-16 20:57:05
147,Ipameri,-17.7219,-48.1597,74.48,84,99,5.75,BR,2023-01-16 20:57:06
148,Ilinskiy,55.619,38.1182,27.3,93,100,11.18,RU,2023-01-16 20:57:06
149,Jumla,29.2747,82.1838,31.01,18,0,5.41,NP,2023-01-16 20:57:07
150,Walvis Bay,-22.9575,14.5053,72.55,68,90,0.0,NA,2023-01-16 20:57:07
151,Castro,-24.7911,-50.0119,74.53,86,88,2.3,BR,2023-01-16 20:57:07
152,Dudinka,69.4058,86.1778,-44.46,97,7,3.4,RU,2023-01-16 20:57:08
153,Marawi,7.9986,124.2928,68.5,96,97,1.66,PH,2023-01-16 20:57:08
154,Kavieng,-2.5744,150.7967,81.57,70,100,2.44,PG,2023-01-16 20:57:09
155,Ponta Do Sol,32.6667,-17.1,61.43,57,16,7.09,PT,2023-01-16 20:57:09
156,Vuktyl,63.8567,57.3094,14.79,90,100,14.05,RU,2023-01-16 20:57:09
157,Mitsamiouli,-11.3847,43.2844,80.33,71,77,3.74,KM,2023-01-16 20:57:10
158,Ponta Delgada,37.7333,-25.6667,56.12,71,40,16.11,PT,2023-01-16 20:57:10
159,Severodvinsk,64.5635,39.8302,30.31,87,100,16.04,RU,2023-01-16 20:57:11
160,Hilo,19.7297,-155.09,80.62,74,20,5.99,US,2023-01-16 20:57:11
161,Kontagora,10.3999,5.4695,78.13,16,100,6.82,NG,2023-01-16 20:57:11
162,Ngunguru,-35.6167,174.5,66.22,69,29,13.47,NZ,2023-01-16 20:57:12
163,Turukhansk,65.8167,87.9833,-27.17,87,85,7.09,RU,2023-01-16 20:57:12
164,Loiza,18.4313,-65.8802,77.07,77,69,10.33,PR,2023-01-16 20:57:13
165,Brightwater,-41.3833,173.1167,68.68,83,20,2.33,NZ,2023-01-16 20:57:13
166,Quelimane,-17.8786,36.8883,80.55,88,40,5.99,MZ,2023-01-16 20:57:14
167,Synya,65.3718,58.0387,16.23,89,100,15.75,RU,2023-01-16 20:57:14
168,Osa,57.2829,55.4567,-6.05,94,12,4.68,RU,2023-01-16 20:57:14
169,Olovo,44.13,18.5828,42.31,90,93,8.14,BA,2023-01-16 20:57:15
170,Guerrero Negro,27.9769,-114.0611,69.73,56,21,15.95,MX,2023-01-16 20:57:15
171,Milas,37.3164,27.7839,43.95,93,40,1.14,TR,2023-01-16 20:57:16
172,Douala,4.0483,9.7043,80.33,78,85,4.88,CM,2023-01-16 20:53:43
173,Sorland,67.667,12.6934,33.66,73,89,6.67,NO,2023-01-16 20:57:16
174,Puerto Ayora,-0.7393,-90.3518,85.96,89,81,4.0,EC,2023-01-16 20:57:17
175,Baruun-Urt,46.6806,113.2792,-12.41,90,6,5.23,MN,2023-01-16 20:57:17
176,Kamenka,51.3223,42.7678,22.19,95,99,13.27,RU,2023-01-16 20:57:18
177,Tuktoyaktuk,69.4541,-133.0374,-9.4,77,75,5.75,CA,2023-01-16 20:57:18
178,Jiangyou,31.7667,104.7167,32.58,43,10,1.86,CN,2023-01-16 21:06:33
179,Babstovo,48.1167,132.4833,-22.67,100,87,1.54,RU,2023-01-16 21:06:34
180,Mendi,-6.1761,143.6513,54.27,93,96,3.18,PG,2023-01-16 21:02:16
181,Brownfield,33.1812,-102.2744,64.94,35,39,24.63,US,2023-01-16 21:06:34
182,Zhigansk,66.7697,123.3711,-51.56,97,98,5.1,RU,2023-01-16 21:06:35
183,Boende,-0.2167,20.8667,75.11,79,100,3.29,CD,2023-01-16 21:06:35
184,Kodiak,57.79,-152.4072,33.31,100,100,8.05,US,2023-01-16 21:06:35
185,Lazaro Cardenas,17.9583,-102.2,81.79,67,6,10.07,MX,2023-01-16 21:06:04
186,Geraldton,-28.7667,114.6,59.41,82,0,5.75,AU,2023-01-16 21:06:36
187,Elliot,-31.3333,27.85,70.36,50,75,5.41,ZA,2023-01-16 21:06:36
188,Qujing,25.4833,103.7833,37.29,89,95,4.18,CN,2023-01-16 21:06:37
189,Victoria Point,-27.5833,153.3,77.92,75,66,7.0,AU,2023-01-16 21:06:37
190,Abu Kamal,34.4506,40.9171,52.09,69,100,6.42,SY,2023-01-16 21:06:38
191,New Glasgow,45.5834,-62.6486,38.79,100,100,8.08,CA,2023-01-16 21:06:38
192,Czestochowa,50.7965,19.1241,38.08,93,100,7.4,PL,2023-01-16 21:06:38
193,Padang,-0.9492,100.3543,75.67,85,98,3.78,ID,2023-01-16 21:06:39
194,Hualmay,-11.0964,-77.6139,74.19,71,59,10.18,PE,2023-01-16 21:06:39
195,Okhotsk,59.3833,143.3,-16.65,94,100,8.95,RU,2023-01-16 21:06:39
196,Provideniya,64.3833,-173.3,6.91,56,0,15.66,RU,2023-01-16 21:06:40
197,Skibbereen,51.55,-9.2667,35.11,99,100,6.35,IE,2023-01-16 21:06:40
198,Mahenge,-8.6833,36.7167,63.5,97,100,1.34,TZ,2023-01-16 21:06:40
199,Isiro,2.7739,27.616,71.24,40,75,3.44,CD,2023-01-16 21:06:41
200,Saint-Pierre,-21.3393,55.4781,77.92,69,0,5.75,RE,2023-01-16 21:06:41
201,Cidreira,-30.1811,-50.2056,75.51,79,96,11.25,BR,2023-01-16 21:03:46
202,Saldanha,-33.0117,17.9442,64.89,91,16,3.94,ZA,2023-01-16 21:06:42
203,Moindou,-21.6924,165.677,77.77,70,94,6.22,NC,2023-01-16 21:06:42
204,Carlyle,38.6103,-89.3726,55.22,88,100,8.99,US,2023-01-16 21:06:42
205,Shimoni,-4.6476,39.3817,78.84,83,2,12.21,KE,2023-01-16 21:06:43
206,Khasan,42.4308,130.6434,14.59,58,26,2.95,RU,2023-01-16 21:06:43
207,Gara,46.0319,19.0428,40.87,93,88,9.46,HU,2023-01-16 21:06:44
208,Ribeira Grande,38.5167,-28.7,55.78,76,20,13.0,PT,2023-01-16 21:06:44
209,Qena,26.1615,32.7183,55.45,46,0,6.93,EG,2023-01-16 21:06:45
210,Adrar,20.5022,-10.0711,66.27,17,55,11.34,MR,2023-01-16 21:06:45
211,Lavrentiya,65.5833,-171.0,-12.42,86,100,13.8,RU,2023-01-16 21:06:45
212,Mataram,-8.5833,116.1167,77.81,86,100,3.33,ID,2023-01-16 21:06:46
213,Finnsnes,69.2296,17.9811,22.75,96,100,3.29,NO,2023-01-16 21:06:46
214,Butajira,8.1167,38.3667,56.48,48,14,6.82,ET,2023-01-16 21:06:47
215,Manicore,-5.8092,-61.3003,81.12,85,100,1.99,BR,2023-01-16 21:03:16
216,Hirado,33.3597,129.5531,43.39,71,93,14.61,JP,2023-01-16 21:01:55
217,Muros,42.7762,-9.0603,57.09,93,100,31.83,ES,2023-01-16 21:06:47
218,Calaya,10.4916,122.6255,76.41,89,84,11.7,PH,2023-01-16 21:06:48
219,Upernavik,72.7868,-56.1549,-2.13,95,100,4.23,GL,2023-01-16 21:06:48
220,Luganville,-15.5333,167.1667,80.73,80,85,2.75,VU,2023-01-16 21:06:48
221,Shemonaikha,50.6328,81.9056,2.77,93,95,7.29,KZ,2023-01-16 21:06:49
222,Gainesville,29.6516,-82.3248,68.79,28,0,5.75,US,2023-01-16 21:06:49
223,King City,36.2127,-121.126,51.89,79,94,0.87,US,2023-01-16 21:06:50
224,Puerto Escondido,15.85,-97.0667,85.03,65,40,11.5,MX,2023-01-16 21:07:50
225,Beringovskiy,63.05,179.3167,-4.95,94,100,17.45,RU,2023-01-16 21:07:51
226,Benalla,-36.55,145.9833,73.29,70,11,7.38,AU,2023-01-16 21:07:51
227,Ahipara,-35.1667,173.1667,67.28,63,2,7.18,NZ,2023-01-16 21:07:52
228,Asau,46.4333,26.4,38.32,72,100,5.12,RO,2023-01-16 21:07:52
229,Bagdarin,54.4333,113.6,-21.8,93,51,4.34,RU,2023-01-16 21:07:52
230,Comodoro Rivadavia,-45.8667,-67.5,65.37,46,100,11.39,AR,2023-01-16 21:07:53
231,Mocuba,-16.8392,36.9856,72.21,99,100,2.62,MZ,2023-01-16 21:07:53
232,Srivardhan,18.0333,73.0167,65.68,74,18,4.56,IN,2023-01-16 21:07:55
233,Airai,-8.9266,125.4092,60.21,90,98,1.3,TL,2023-01-16 21:07:55
234,Boa Vista,2.8197,-60.6733,84.18,65,40,9.22,BR,2023-01-16 21:07:56
235,Touros,-5.1989,-35.4608,79.2,75,40,11.25,BR,2023-01-16 21:07:56
236,Veracruz,19.3333,-96.6667,88.02,26,9,5.95,MX,2023-01-16 21:03:59
237,Port Macquarie,-31.4333,152.9167,68.9,78,70,1.92,AU,2023-01-16 21:07:57
238,Komsomolskiy,40.4272,71.7189,12.92,79,3,2.3,UZ,2023-01-16 21:07:57
239,Russell,32.3502,-85.1999,64.4,24,0,4.61,US,2023-01-16 21:07:58
240,Bandarbeyla,9.4942,50.8122,75.31,73,17,18.86,SO,2023-01-16 21:07:58
241,San Quintin,30.4833,-115.95,61.99,79,100,9.33,MX,2023-01-16 21:07:59
242,Phan Thiet,10.9333,108.1,70.72,75,52,3.69,VN,2023-01-16 21:07:59
243,Samarai,-10.6167,150.6667,78.35,81,100,5.97,PG,2023-01-16 21:08:00
244,Tungor,53.3808,142.9564,-38.16,99,30,5.01,RU,2023-01-16 21:08:00
245,Danshui,22.7984,114.4672,47.43,62,100,7.31,CN,2023-01-16 21:08:01
246,Meulaboh,4.1363,96.1285,74.8,89,100,6.22,ID,2023-01-16 21:08:01
247,Bulgan,48.8125,103.5347,-11.52,86,5,4.65,MN,2023-01-16 21:08:02
248,Chukhloma,58.7525,42.6825,19.71,92,100,11.5,RU,2023-01-16 21:08:02
249,Juegang,32.3174,121.1855,35.98,61,98,6.08,CN,2023-01-16 21:08:03
250,Kodinsk,58.6881,99.1844,-1.98,99,100,3.33,RU,2023-01-16 21:08:03
251,Caravelas,-17.7125,-39.2481,77.32,79,90,6.26,BR,2023-01-16 21:08:04
252,Alice Springs,-23.7,133.8833,71.15,88,2,0.0,AU,2023-01-16 21:08:04
253,Ambovombe,-25.1667,46.0833,75.2,84,0,11.3,MG,2023-01-16 21:07:23
254,Tuatapere,-46.1333,167.6833,61.36,71,38,7.36,NZ,2023-01-16 21:08:05
255,Petropavlovsk-Kamchatskiy,53.0452,158.6483,-5.21,54,0,11.18,RU,2023-01-16 21:08:05
256,Mugur-Aksy,50.35,90.5,-1.68,87,93,6.89,RU,2023-01-16 21:08:06
257,Marsh Harbour,26.5412,-77.0636,67.44,55,3,8.19,BS,2023-01-16 21:08:06
258,Senanga,-16.1167,23.2667,67.51,91,99,3.6,ZM,2023-01-16 21:08:07
259,Liverpool,53.4106,-2.9779,33.82,92,20,3.44,GB,2023-01-16 21:07:06
260,Praia Da Vitoria,38.7333,-27.0667,55.76,79,16,13.62,PT,2023-01-16 21:08:07
261,Ingham,42.6,-84.3833,37.92,78,100,11.5,US,2023-01-16 21:08:08
262,Tucuman,-26.8241,-65.2226,94.75,25,65,5.59,AR,2023-01-16 21:07:16
263,Antananarivo,-18.9137,47.5361,64.36,94,75,6.91,MG,2023-01-16 21:08:09
264,Xinmin,41.9908,122.8253,13.14,65,7,5.3,CN,2023-01-16 21:08:09
265,Paamiut,61.994,-49.6678,2.62,79,100,13.47,GL,2023-01-16 21:03:15
266,Umm Lajj,25.0213,37.2685,68.22,48,0,14.65,SA,2023-01-16 21:03:14
267,Basco,20.4487,121.9702,72.32,76,100,28.61,PH,2023-01-16 21:08:11
268,Cherskiy,68.75,161.3,-37.07,95,100,3.53,RU,2023-01-16 21:09:11
269,Akdepe,42.0551,59.3788,23.14,40,100,8.16,TM,2023-01-16 21:09:12
270,Balabac,7.9868,117.0645,78.69,84,51,6.51,PH,2023-01-16 21:09:12
271,Dwarka,22.2394,68.9678,65.05,36,4,11.63,IN,2023-01-16 21:09:13
272,Pangnirtung,66.1451,-65.7125,-35.55,82,14,5.1,CA,2023-01-16 21:09:13
273,Ayan,56.45,138.1667,-31.85,76,50,8.93,RU,2023-01-16 21:09:13
274,Aksu,41.1231,80.2644,-1.16,93,6,5.19,CN,2023-01-16 21:09:14
275,Fuglebjerg,55.306,11.5477,39.07,84,100,19.35,DK,2023-01-16 21:09:14
276,Los Andes,-32.8337,-70.5983,84.0,34,15,11.41,CL,2023-01-16 21:09:14
277,Springfield,37.2153,-93.2982,68.11,37,0,23.02,US,2023-01-16 21:08:32
278,Coquimbo,-29.9533,-71.3436,69.53,64,20,12.66,CL,2023-01-16 21:09:15
279,Bay Roberts,47.5999,-53.2648,38.05,97,100,5.01,CA,2023-01-16 21:09:15
280,Baykit,61.67,96.37,-21.95,97,100,5.64,RU,2023-01-16 21:09:16
281,Noumea,-22.2763,166.4572,81.0,99,99,8.86,NC,2023-01-16 21:09:16
282,Mahebourg,-20.4081,57.7,79.25,74,92,16.6,MU,2023-01-16 21:09:17
283,Banamba,13.55,-7.45,72.52,13,28,9.4,ML,2023-01-16 21:09:17
284,Velingara,13.15,-14.1167,81.88,11,100,6.93,SN,2023-01-16 21:09:17
285,Alofi,-19.0595,-169.9187,84.09,74,75,6.91,NU,2023-01-16 21:09:18
286,Vao,-22.6667,167.4833,75.51,72,100,16.89,NC,2023-01-16 21:09:18
287,Bonavista,48.6499,-53.1147,34.03,98,100,21.34,CA,2023-01-16 21:09:19
288,Kruglolesskoye,44.6589,42.8142,27.64,95,28,9.35,RU,2023-01-16 21:09:19
289,Nezhinka,51.7676,55.3694,1.56,60,0,6.71,RU,2023-01-16 21:09:19
290,Chuncheng,22.1731,111.7886,48.52,72,100,6.38,CN,2023-01-16 21:05:32
291,Merauke,-8.4667,140.3333,76.66,86,96,4.97,ID,2023-01-16 21:09:20
292,Gao,16.6362,1.637,67.3,17,0,10.69,ML,2023-01-16 21:09:20
293,Corinto,37.9407,22.9573,58.89,76,24,5.39,GR,2023-01-16 21:09:21
294,Te Anau,-45.4167,167.7167,63.66,60,10,2.73,NZ,2023-01-16 21:09:21
295,Sao Luis Do Quitunde,-9.3183,-35.5611,80.04,77,100,7.16,BR,2023-01-16 21:09:22
296,Vicksburg,32.3526,-90.8779,69.53,66,100,11.5,US,2023-01-16 21:09:22
297,Hamilton,39.1834,-84.5333,43.72,79,100,11.5,US,2023-01-16 21:04:41
298,Sharjah,25.3573,55.4033,70.88,71,61,4.36,AE,2023-01-16 21:09:05
299,Xai-Xai,-25.0519,33.6442,76.51,85,48,8.7,MZ,2023-01-16 21:09:23
300,Ancud,-41.8697,-73.8203,61.12,66,32,5.64,CL,2023-01-16 21:09:24
301,Torquay,50.4638,-3.5143,36.86,82,37,4.0,GB,2023-01-16 21:09:24
302,Puerto Carreno,6.189,-67.4859,92.41,39,26,4.68,CO,2023-01-16 21:09:24
303,Chokurdakh,70.6333,147.9167,-24.79,96,66,11.43,RU,2023-01-16 21:09:25
304,Jeremie,18.65,-74.1167,75.65,64,12,8.41,HT,2023-01-16 21:09:25
305,Yerbogachen,61.2767,108.0108,-60.99,100,70,2.53,RU,2023-01-16 21:09:26
306,Maniitsoq,65.4167,-52.9,5.47,80,100,15.77,GL,2023-01-16 21:09:26
307,Brigantine,39.4101,-74.3646,49.03,34,0,11.5,US,2023-01-16 21:04:43
308,Pedernales,18.0384,-71.744,77.41,73,23,4.21,DO,2023-01-16 21:09:27
309,Kalmunai,7.4167,81.8167,75.63,88,62,7.43,LK,2023-01-16 21:09:27
310,Birin,26.8865,88.0718,40.64,80,6,3.53,NP,2023-01-16 21:09:27
311,Fare,-16.7,-151.0167,77.99,74,98,8.77,PF,2023-01-16 21:09:28
312,Rawson,-43.3002,-65.1023,69.31,46,63,17.09,AR,2023-01-16 21:09:28
313,Kruisfontein,-34.0033,24.7314,71.89,93,100,11.48,ZA,2023-01-16 21:09:29
314,Port Lincoln,-34.7333,135.8667,74.19,65,98,7.56,AU,2023-01-16 21:09:29
315,Presidencia Roque Saenz Pena,-26.7852,-60.4388,97.92,17,15,4.83,AR,2023-01-16 21:09:30
316,Visby,57.6409,18.296,39.06,100,20,8.05,SE,2023-01-16 21:10:30
317,Vilyuysk,63.7553,121.6247,-44.21,100,100,2.19,RU,2023-01-16 21:10:30
318,Lompoc,34.6391,-120.4579,57.69,81,75,17.27,US,2023-01-16 21:10:31
319,Gladstone,-23.85,151.25,71.53,83,40,10.36,AU,2023-01-16 21:08:57
320,Talnakh,69.4865,88.3972,-35.21,86,3,4.27,RU,2023-01-16 21:08:11
321,Parfino,57.9731,31.6481,32.59,91,100,8.43,RU,2023-01-16 21:10:31
322,Surin,14.8818,103.4936,65.03,72,49,9.17,TH,2023-01-16 21:10:32
323,Ofunato,39.0717,141.7167,30.94,59,10,9.44,JP,2023-01-16 21:10:32
324,Kapit,2.0167,112.9333,71.13,99,63,0.58,MY,2023-01-16 21:10:33
325,Lasa,46.6166,10.7002,27.7,94,92,3.06,IT,2023-01-16 21:10:33
326,Marathon,44.9,-89.7668,34.84,94,100,6.91,US,2023-01-16 21:10:33
327,Sosnovka,56.255,51.2842,0.0,96,6,6.11,RU,2023-01-16 21:10:34
328,Trairi,-3.2778,-39.2689,79.2,75,100,8.81,BR,2023-01-16 21:08:55
329,Oktyabrskiy,54.4815,53.471,-3.35,84,6,5.03,RU,2023-01-16 21:10:34
330,Cabo San Lucas,22.8909,-109.9124,79.61,43,0,14.97,MX,2023-01-16 21:10:02
331,San Javier,37.8063,-0.8374,60.98,46,0,10.36,ES,2023-01-16 21:10:35
332,Taoudenni,22.6783,-3.9836,68.56,20,2,11.27,ML,2023-01-16 21:10:35
333,Zhangjiakou,40.81,114.8794,7.18,78,1,5.01,CN,2023-01-16 21:10:36
334,New Ulm,44.3125,-94.4605,36.43,95,100,8.05,US,2023-01-16 21:10:36
335,Storm Lake,42.6411,-95.2097,35.82,100,100,14.97,US,2023-01-16 21:10:36
336,Khromtau,50.2503,58.4347,-3.6,71,0,5.32,KZ,2023-01-16 21:10:37
337,Phaltan,17.9833,74.4333,66.38,42,7,4.56,IN,2023-01-16 21:10:37
338,Capaci,38.1711,13.2393,58.6,67,40,18.41,IT,2023-01-16 21:10:38
339,Tabou,4.423,-7.3528,80.1,80,14,7.16,CI,2023-01-16 21:10:38
340,Tupik,54.4253,119.9327,-35.46,99,99,0.65,RU,2023-01-16 21:10:39
341,Ouadda,8.0777,22.4007,70.63,28,46,6.31,CF,2023-01-16 21:10:39
342,Nizwa,22.9333,57.5333,64.42,53,85,3.6,OM,2023-01-16 21:10:39
343,Bangangte,5.1409,10.5198,66.15,42,65,3.98,CM,2023-01-16 21:10:40
344,Glen Allen,37.666,-77.5064,56.14,22,0,5.75,US,2023-01-16 21:06:37
345,Vestmannaeyjar,63.4427,-20.2734,26.26,67,4,12.53,IS,2023-01-16 21:10:40
346,Sao Jose Da Coroa Grande,-8.8978,-35.1478,78.51,76,100,7.76,BR,2023-01-16 21:10:41
347,Mingyue,43.1069,128.9217,-2.47,92,16,0.85,CN,2023-01-16 21:10:41
348,Aasiaat,68.7098,-52.8699,-13.34,91,100,9.1,GL,2023-01-16 21:10:42
349,Portland,45.5234,-122.6762,51.78,80,75,5.75,US,2023-01-16 21:06:10
350,Barraute,48.4335,-77.6328,25.59,92,79,3.31,CA,2023-01-16 21:10:42
351,Benjamin Constant,-4.3831,-70.0311,80.73,78,40,2.3,BR,2023-01-16 21:10:42
352,Irbil,36.1926,44.0106,42.62,75,21,2.3,IQ,2023-01-16 21:10:43
353,Erzin,36.9559,36.2,49.01,84,100,4.97,TR,2023-01-16 21:10:43
354,Krasnogorsk,55.8225,37.3181,26.96,86,100,11.18,RU,2023-01-16 21:10:44
355,Talara,-4.5772,-81.2719,83.16,51,0,11.5,PE,2023-01-16 21:10:44
356,Ballina,-28.8667,153.5667,73.02,90,56,7.96,AU,2023-01-16 21:10:44
357,Carnot,4.9409,15.8665,74.57,26,88,3.74,CF,2023-01-16 21:10:45
358,Trinidad,-14.8333,-64.9,83.07,70,95,5.95,BO,2023-01-16 21:10:45
359,Yulara,-25.2406,130.9889,81.61,45,4,5.84,AU,2023-01-16 21:10:46
360,Nenjiang,49.1833,125.2167,-14.89,99,100,1.81,CN,2023-01-16 21:10:46
361,Olafsvik,64.8945,-23.7142,27.77,72,62,21.21,IS,2023-01-16 21:10:46
362,Haines Junction,60.7522,-137.5108,22.87,95,100,3.22,CA,2023-01-16 21:10:47
363,Peniche,39.3558,-9.3811,58.1,90,93,26.44,PT,2023-01-16 21:11:47
364,Bira,49.0,132.4667,-23.12,99,69,3.18,RU,2023-01-16 21:11:47
365,Bermejo,-32.8833,-68.8,90.57,25,20,12.12,AR,2023-01-16 21:11:48
366,Natchitoches,31.7668,-93.1335,73.38,68,100,8.05,US,2023-01-16 21:11:48
367,Waipawa,-41.4122,175.5153,65.01,64,4,4.32,NZ,2023-01-16 21:11:49
368,Kahului,20.8947,-156.47,80.62,67,40,9.22,US,2023-01-16 21:11:49
369,Kawalu,-7.3817,108.2082,72.54,97,100,0.76,ID,2023-01-16 21:11:50
370,La Ronge,55.1001,-105.2842,8.6,95,65,3.36,CA,2023-01-16 21:11:50
371,Whitehorse,60.7161,-135.0538,19.81,92,85,20.0,CA,2023-01-16 21:11:50
372,Mangan,27.5167,88.5333,48.49,54,8,4.83,IN,2023-01-16 21:11:51
373,Chuy,-33.6971,-53.4616,77.13,54,0,13.09,UY,2023-01-16 21:11:51
374,Huanren,41.2647,125.3667,2.41,92,5,2.46,CN,2023-01-16 21:11:52
375,East London,-33.0153,27.9116,75.24,91,80,1.81,ZA,2023-01-16 21:11:52
376,Nemuro,43.3236,145.575,20.7,65,65,15.39,JP,2023-01-16 21:11:52
377,Ilulissat,69.2167,-51.1,-3.98,59,75,19.57,GL,2023-01-16 21:11:53
378,Ndele,8.4109,20.6473,74.77,23,63,5.41,CF,2023-01-16 21:11:53
379,Flin Flon,54.7682,-101.865,13.55,90,87,1.52,CA,2023-01-16 21:11:54
380,Terrace,54.5163,-128.6035,35.51,100,100,0.0,CA,2023-01-16 21:11:54
381,Bryant,34.5959,-92.4891,68.45,80,100,4.0,US,2023-01-16 21:11:43
382,Tankhoy,51.5528,105.1306,6.51,80,74,4.16,RU,2023-01-16 21:11:55
383,Lahan,26.7296,86.4951,52.03,82,0,3.87,NP,2023-01-16 21:11:55
384,Paragominas,-2.9667,-47.4833,74.19,94,78,5.26,BR,2023-01-16 21:08:48
385,San Lawrenz,36.0553,14.204,59.86,81,39,1.01,MT,2023-01-16 21:11:56
386,Nuevo Progreso,23.1667,-97.95,83.89,46,5,5.99,MX,2023-01-16 21:11:56
387,Nongstoin,25.5167,91.2667,40.26,86,0,3.4,IN,2023-01-16 21:07:14
388,Vietri Sul Mare,40.6687,14.7253,57.38,92,100,13.89,IT,2023-01-16 21:11:57
389,Paso De Los Toros,-32.8167,-56.5167,97.68,14,0,9.95,UY,2023-01-16 21:11:57
390,Sungaipenuh,-2.0833,101.3833,62.94,96,100,2.46,ID,2023-01-16 21:11:57
391,Waw,7.7029,27.9953,77.25,27,52,5.14,SS,2023-01-16 21:11:58
392,Hami,42.8,93.45,12.43,41,0,0.85,CN,2023-01-16 21:11:58
393,Grand Gaube,-20.0064,57.6608,79.38,70,34,5.99,MU,2023-01-16 21:11:59
394,Tiznit,29.5833,-9.5,55.94,79,0,1.45,MA,2023-01-16 21:11:59
395,Ternate,0.8,127.4,79.97,81,96,4.72,ID,2023-01-16 21:11:59
396,Tugulym,57.0591,64.6425,14.32,88,13,7.18,RU,2023-01-16 21:12:00
397,Nyurba,63.2842,118.3319,-33.2,98,100,3.15,RU,2023-01-16 21:12:00
398,Ayagoz,47.9714,80.4392,-13.38,89,14,3.83,KZ,2023-01-16 21:12:01
399,Tayoltita,24.0833,-105.9333,74.37,18,0,6.53,MX,2023-01-16 21:12:01
400,Iqaluit,63.7506,-68.5145,-30.5,89,38,6.33,CA,2023-01-16 21:12:02
401,Broome,42.2506,-75.833,37.0,62,0,11.5,US,2023-01-16 21:12:02
402,Dokka,60.84,10.0618,15.85,95,98,2.15,NO,2023-01-16 21:12:03
403,Katastarion,37.8333,20.7667,55.29,73,2,19.82,GR,2023-01-16 21:12:03
404,Waingapu,-9.6567,120.2641,78.85,84,100,5.17,ID,2023-01-16 21:12:03
405,Ola,59.5833,151.2833,-16.91,90,44,9.91,RU,2023-01-16 21:12:04
406,Tymovskoye,50.8456,142.655,-27.2,100,40,3.06,RU,2023-01-16 21:12:04
407,Slantsy,59.1182,28.0914,33.46,88,65,10.33,RU,2023-01-16 21:12:05
408,Quatre Cocos,-20.2078,57.7625,79.09,74,62,16.8,MU,2023-01-16 21:12:05
409,Lagoa,39.05,-27.9833,57.56,73,36,15.52,PT,2023-01-16 21:12:06
410,El Alto,-4.2714,-81.2147,80.26,63,20,16.73,PE,2023-01-16 21:13:06
411,Kichmengskiy Gorodok,59.9816,45.7854,18.59,90,100,12.5,RU,2023-01-16 21:13:07
412,Barillas,15.8036,-91.3158,72.91,45,6,4.14,GT,2023-01-16 21:13:07
413,Klaksvik,62.2266,-6.589,25.72,63,100,21.81,FO,2023-01-16 21:13:08
414,Tirat Karmel,32.7617,34.9719,54.63,90,43,3.53,IL,2023-01-16 21:13:08
415,Verkhnevilyuysk,63.4453,120.3167,-37.19,99,100,2.33,RU,2023-01-16 21:13:09
416,Fort Nelson,58.8053,-122.7002,11.95,88,100,1.92,CA,2023-01-16 21:13:09
417,Sabang,5.8933,95.3214,79.27,71,100,13.11,ID,2023-01-16 21:13:10
418,Tabas,33.5959,56.9244,43.59,41,2,1.57,IR,2023-01-16 21:13:10
419,Pierre,44.3683,-100.351,32.86,88,100,14.97,US,2023-01-16 21:13:10
420,Nicoya,10.1483,-85.452,84.54,55,62,7.74,CR,2023-01-16 21:13:11
421,Luanda,-8.8368,13.2343,80.6,74,40,3.44,AO,2023-01-16 21:13:11
422,Uyuni,-20.4597,-66.825,63.99,23,64,20.38,BO,2023-01-16 21:13:12
423,Gloucester,51.8657,-2.2431,32.49,72,51,1.01,GB,2023-01-16 21:13:01
424,Saint Anthony,45.0205,-93.218,36.48,94,100,8.05,US,2023-01-16 21:13:13
425,Saint-Augustin,51.226,-58.6502,28.4,92,100,23.76,CA,2023-01-16 21:13:13
426,Barguzin,53.6167,109.6167,-9.2,94,65,4.32,RU,2023-01-16 21:13:14
427,Ascension,30.2169,-90.9001,72.09,69,100,9.22,US,2023-01-16 21:13:14
428,Bayan,46.0833,127.4,-17.57,99,15,4.12,CN,2023-01-16 21:13:15
429,Vostok,46.4856,135.8833,-21.1,98,67,4.94,RU,2023-01-16 21:13:15
430,Tateyama,34.9833,139.8667,42.1,62,71,13.09,JP,2023-01-16 21:13:15
431,Holice,50.066,15.9859,37.26,87,100,4.61,CZ,2023-01-16 21:13:16
432,Apatou,5.155,-54.3472,75.0,97,76,3.74,GF,2023-01-16 21:13:16
433,Syamzha,60.0158,41.0614,21.74,92,100,11.95,RU,2023-01-16 21:13:17
434,Svetlogorsk,52.6333,29.7333,33.42,98,100,11.43,BY,2023-01-16 21:13:17
435,Mahibadhoo,3.7833,72.9667,80.35,71,96,7.81,MV,2023-01-16 21:13:18
436,Kloulklubed,7.0419,134.2556,81.43,75,100,5.64,PW,2023-01-16 21:13:18
437,Ucluelet,48.9329,-125.5528,47.08,93,99,5.3,CA,2023-01-16 21:13:18
438,Yen Bai,21.7,104.8667,49.26,69,34,1.59,VN,2023-01-16 21:13:19
439,Formosa Do Rio Preto,-11.0483,-45.1931,76.98,77,42,1.83,BR,2023-01-16 21:13:19
440,Adiake,5.2863,-3.304,80.33,80,61,7.09,CI,2023-01-16 21:13:20
441,Arnedo,42.2167,-2.1,40.5,69,100,32.91,ES,2023-01-16 21:13:20
442,Margate,51.3813,1.3862,34.7,73,56,7.0,GB,2023-01-16 21:13:21
443,Newport,51.5877,-2.9984,32.63,82,77,2.62,GB,2023-01-16 21:09:37
444,Muncar,-8.4333,114.3333,75.27,93,100,3.78,ID,2023-01-16 21:13:22
445,Ostersund,63.1792,14.6357,23.45,86,37,9.22,SE,2023-01-16 21:13:22
446,Ust-Uda,54.1742,103.0304,4.75,98,100,3.71,RU,2023-01-16 21:13:22
447,Vaitape,-16.5167,-151.75,79.74,63,95,14.09,PF,2023-01-16 21:13:23
448,Fort Frances,48.5999,-93.4003,34.02,81,100,6.91,CA,2023-01-16 21:13:23
449,Siverek,37.755,39.3167,42.17,88,100,6.55,TR,2023-01-16 21:13:24
450,Gusau,12.1628,6.6614,69.66,20,27,9.22,NG,2023-01-16 21:13:24
451,Sao Filipe,14.8961,-24.4956,76.12,62,100,3.98,CV,2023-01-16 21:13:24
452,Ciudad Bolivar,8.1222,-63.5497,91.89,34,15,9.57,VE,2023-01-16 21:13:25
453,Show Low,34.2542,-110.0298,37.69,83,40,28.77,US,2023-01-16 21:12:16
454,Esplanada,-11.7961,-37.945,76.46,69,59,7.58,BR,2023-01-16 21:13:26
455,Irece,-11.3042,-41.8558,78.24,45,45,10.38,BR,2023-01-16 21:13:26
456,Omsukchan,62.5333,155.8,-23.6,97,100,5.01,RU,2023-01-16 21:16:03
457,Betare Oya,5.6,14.0833,74.59,25,80,6.96,CM,2023-01-16 21:16:04
458,Sola,-13.8833,167.55,81.18,76,100,10.87,VU,2023-01-16 21:16:05
459,Carutapera,-1.195,-46.02,75.85,90,65,5.75,BR,2023-01-16 21:16:05
460,Buchanan,5.8808,-10.0467,79.09,85,34,6.33,LR,2023-01-16 21:16:06
461,Fairbanks,64.8378,-147.7164,6.76,79,40,0.0,US,2023-01-16 21:12:48
462,Broken Hill,-31.95,141.4333,82.2,39,6,9.53,AU,2023-01-16 21:16:06
463,Bathsheba,13.2167,-59.5167,81.21,69,40,8.05,BB,2023-01-16 21:16:06
464,Duncan,34.5023,-97.9578,71.82,28,0,12.66,US,2023-01-16 21:16:07
465,Pangoa,-12.1167,-73.0,75.79,91,99,2.44,PE,2023-01-16 21:16:07
466,Okha,53.5739,142.9478,-35.99,99,35,5.91,RU,2023-01-16 21:16:08
467,Tual,-5.6667,132.75,83.05,72,100,6.85,ID,2023-01-16 21:16:09
468,Balkhash,46.844,74.9804,-8.1,98,9,5.84,KZ,2023-01-16 21:16:09
469,Sur,22.5667,59.5289,68.85,65,58,3.76,OM,2023-01-16 21:16:09
470,Nuuk,64.1835,-51.7216,9.21,66,75,18.41,GL,2023-01-16 21:16:10
471,Gueret,46.1667,1.8667,34.79,97,100,5.86,FR,2023-01-16 21:16:10
472,Sorong,-0.8833,131.25,79.48,85,100,8.39,ID,2023-01-16 21:16:11
473,Dhidhdhoo,6.8833,73.1,80.24,74,8,12.86,MV,2023-01-16 21:16:11
474,Gboko,7.3179,8.9951,82.63,16,96,5.88,NG,2023-01-16 21:16:12
475,Biak,-0.9131,122.8766,75.63,83,46,1.25,ID,2023-01-16 21:16:12
476,Thinadhoo,0.5333,72.9333,79.2,68,85,2.77,MV,2023-01-16 21:16:13
477,High Level,58.5169,-117.136,17.71,100,100,6.91,CA,2023-01-16 21:16:14
478,Majene,-3.5403,118.9707,77.09,86,100,3.13,ID,2023-01-16 21:16:14
479,Los Llanos De Aridane,28.6585,-17.9182,61.12,71,75,14.0,ES,2023-01-16 21:16:14
480,Vodstroy,48.8416,44.5579,23.29,93,100,11.18,RU,2023-01-16 21:16:15
481,Santa Lucia,27.9117,-15.5407,58.77,68,40,17.27,ES,2023-01-16 21:14:37
482,Palaia Fokaia,37.72,23.9463,59.92,68,15,12.19,GR,2023-01-16 21:16:16
483,Batavia,41.85,-88.3126,44.92,89,100,14.97,US,2023-01-16 21:14:47
484,Bealanana,-14.55,48.7333,62.02,99,79,2.95,MG,2023-01-16 21:16:16
485,Wade Hampton,34.9037,-82.3332,57.09,29,0,9.22,US,2023-01-16 21:16:17
486,Moron,-34.6534,-58.6198,96.03,44,10,12.75,AR,2023-01-16 21:16:17
487,Nehe,48.4833,124.8333,-14.89,98,93,2.62,CN,2023-01-16 21:16:18
488,Anloga,5.7947,0.8973,81.39,79,9,6.4,GH,2023-01-16 21:16:18
489,Yumen,40.2833,97.2,9.19,75,73,23.11,CN,2023-01-16 21:16:19
490,Ippy,6.2679,21.2247,79.52,22,43,4.45,CF,2023-01-16 21:16:19
491,San Ramon,37.7799,-121.978,56.1,67,20,21.85,US,2023-01-16 21:11:35
492,Fraga,41.5229,0.3489,45.57,68,100,24.76,ES,2023-01-16 21:16:20
493,Mayo,38.8876,-76.5119,54.39,29,0,14.97,US,2023-01-16 21:16:20
494,Kupang,-10.1667,123.5833,78.67,82,100,3.74,ID,2023-01-16 21:16:21
495,Pushkino,56.0172,37.8667,26.89,95,100,10.51,RU,2023-01-16 21:16:21
496,Los Arcos,8.6328,125.9856,72.59,99,92,0.16,PH,2023-01-16 21:16:22
497,Areosa,41.7178,-8.8571,56.46,93,100,28.97,PT,2023-01-16 21:16:22
498,Sovetskiy,61.3614,63.5842,15.96,88,100,8.86,RU,2023-01-16 21:16:22
499,Sobolevo,54.4299,31.8996,29.82,97,100,10.16,RU,2023-01-16 21:16:23
500,Wattegama,6.7989,81.4808,71.2,95,71,3.69,LK,2023-01-16 21:17:23
501,Kutum,14.2,24.6667,60.06,24,84,10.22,SD,2023-01-16 21:17:24
502,Nome,64.5011,-165.4064,19.47,73,100,18.41,US,2023-01-16 21:16:54
503,Port Augusta,-32.5,137.7667,86.9,33,7,7.63,AU,2023-01-16 21:17:24
504,Zhezkazgan,47.8043,67.7144,-5.6,80,7,6.24,KZ,2023-01-16 21:17:25
505,Mildura,-34.2,142.15,79.07,63,15,9.19,AU,2023-01-16 21:16:35
506,Ust-Kuyga,70.0167,135.6,-31.74,99,100,5.84,RU,2023-01-16 21:17:25
507,Kirakira,-10.4544,161.9205,81.79,80,100,5.99,SB,2023-01-16 21:17:25
508,Burnie,-41.0667,145.9167,62.94,74,100,13.11,AU,2023-01-16 21:17:26
509,Sisimiut,66.9395,-53.6735,-4.77,91,100,17.65,GL,2023-01-16 21:17:26
510,North Bend,43.4065,-124.2243,52.25,90,0,0.0,US,2023-01-16 21:17:27
511,Tilichiki,60.4667,166.1,-19.86,95,75,8.63,RU,2023-01-16 21:17:28
512,Kerema,-7.9631,145.7785,76.89,79,100,2.55,PG,2023-01-16 21:17:28
513,Vicosa,-20.7539,-42.8819,74.07,84,64,4.25,BR,2023-01-16 21:17:28
514,Panjakent,39.4952,67.6093,17.58,51,0,9.69,TJ,2023-01-16 21:17:29
515,Lorengau,-2.0226,147.2712,81.32,76,100,4.63,PG,2023-01-16 21:17:30
516,Cairns,-16.9167,145.7667,78.75,83,75,3.44,AU,2023-01-16 21:17:30
517,Bilibino,68.0546,166.4372,-14.06,93,100,4.16,RU,2023-01-16 21:17:31
518,Ipixuna,-1.7625,-48.8043,78.46,79,100,4.36,BR,2023-01-16 21:17:31
519,Qasigiannguit,68.8193,-51.1922,-3.75,70,88,10.31,GL,2023-01-16 21:17:33
520,Santander,43.4647,-3.8044,52.61,95,75,11.5,ES,2023-01-16 21:17:33
521,Ndjole,-0.1783,10.7649,75.94,95,100,0.96,GA,2023-01-16 21:17:34
522,Constitucion,-35.3333,-72.4167,64.67,65,44,9.33,CL,2023-01-16 21:17:34
523,Codrington,-38.2667,141.9667,73.22,29,13,6.67,AU,2023-01-16 21:17:35
524,Santa Marta,11.2408,-74.199,91.45,61,20,12.66,CO,2023-01-16 21:17:35
525,Berlevag,70.8578,29.0864,32.0,80,40,18.41,NO,2023-01-16 21:17:36
526,Etchoropo,26.7667,-109.6667,74.41,51,100,10.16,MX,2023-01-16 21:17:36
527,Ixtapa,20.7,-105.2,76.23,50,100,9.22,MX,2023-01-16 21:17:36
528,Tiksi,71.6872,128.8694,-20.96,100,100,8.03,RU,2023-01-16 21:17:37
529,Kasamwa,-2.85,32.4333,62.65,80,73,2.57,TZ,2023-01-16 21:17:37
530,Pirai Do Sul,-24.5261,-49.9486,71.4,93,97,1.21,BR,2023-01-16 21:17:37
531,Datong,40.0936,113.2914,8.65,74,7,5.97,CN,2023-01-16 21:17:38
532,Sao Joao Da Barra,-21.6403,-41.0511,80.69,86,5,16.35,BR,2023-01-16 21:17:39
533,Bend,44.0582,-121.3153,40.93,67,0,5.75,US,2023-01-16 21:14:49
534,Mizdah,31.4451,12.9801,50.07,38,8,8.75,LY,2023-01-16 21:17:39
535,Kabalo,-6.05,26.9167,68.79,95,100,1.32,CD,2023-01-16 21:17:39
536,Shalakusha,62.2247,40.2539,25.36,86,100,12.26,RU,2023-01-16 21:17:40
537,Cotonou,6.3654,2.4183,80.53,82,30,9.46,BJ,2023-01-16 21:17:40
538,Nerchinsk,51.9833,116.5833,-30.78,100,60,1.23,RU,2023-01-16 21:17:41
539,Milkovo,54.7167,158.6167,-21.39,90,16,3.87,RU,2023-01-16 21:17:41
540,Caluquembe,-13.7833,14.6833,61.74,81,100,5.97,AO,2023-01-16 21:17:42
541,Tacna,-18.0056,-70.2483,73.6,50,0,9.22,PE,2023-01-16 21:17:42
542,Reconquista,-29.15,-59.65,99.41,17,10,10.16,AR,2023-01-16 21:17:43
543,Verkhniye Kigi,55.4083,58.6044,0.27,87,11,3.89,RU,2023-01-16 21:17:43
544,Bukid,5.5717,125.4056,80.29,81,99,6.6,PH,2023-01-16 21:17:44
545,Flinders,-34.5833,150.8552,73.06,86,97,7.0,AU,2023-01-16 21:17:44
546,Mahajanga,-15.7167,46.3167,77.02,94,20,3.44,MG,2023-01-16 21:17:44
547,Kirksville,40.1948,-92.5833,54.57,68,0,19.57,US,2023-01-16 21:21:19
548,Morgan City,29.6994,-91.2068,71.02,73,100,13.8,US,2023-01-16 21:21:19
549,Dingle,10.9995,122.6711,74.16,95,96,5.73,PH,2023-01-16 21:21:20
550,Henties Bay,-22.116,14.2845,68.5,86,93,3.71,NA,2023-01-16 21:21:20
551,Necochea,-38.5473,-58.7368,71.31,50,0,16.64,AR,2023-01-16 21:21:21
552,Hervey Bay,-25.2986,152.8535,76.15,79,100,18.48,AU,2023-01-16 21:21:21
553,Cayenne,4.9333,-52.3333,75.24,94,75,0.0,GF,2023-01-16 21:21:22
554,Cururupu,-1.8283,-44.8683,72.77,96,100,2.59,BR,2023-01-16 21:21:22
555,Hovd,48.0056,91.6419,-1.55,77,96,0.83,MN,2023-01-16 21:21:23
556,Harper,4.375,-7.7169,80.17,78,18,7.49,LR,2023-01-16 21:21:23
557,Buraydah,26.326,43.975,55.85,91,94,5.66,SA,2023-01-16 21:21:23
558,Colac,-38.3333,143.5833,75.07,54,26,4.25,AU,2023-01-16 21:21:25
559,Fruitvale,39.0817,-108.4968,44.53,71,100,4.0,US,2023-01-16 21:21:25
560,Torbay,47.6666,-52.7314,37.27,97,100,8.05,CA,2023-01-16 21:19:25
561,Koundara,12.4833,-13.3,81.73,11,85,6.87,GN,2023-01-16 21:21:25
562,Kudahuvadhoo,2.6708,72.8944,79.39,75,92,5.28,MV,2023-01-16 21:21:26
563,Makaha,21.4694,-158.2175,82.31,60,100,3.44,US,2023-01-16 21:21:27
564,Abha,18.2164,42.5053,55.22,62,0,9.22,SA,2023-01-16 21:21:27
565,Balikpapan,-1.2675,116.8289,73.56,94,48,2.75,ID,2023-01-16 21:20:10
566,Weligama,5.9667,80.4167,74.52,89,100,2.15,LK,2023-01-16 21:21:28
567,Karlstad,59.3793,13.5036,36.16,87,75,6.91,SE,2023-01-16 21:21:28
568,Nikolayevsk-Na-Amure,53.1406,140.73,-32.26,97,17,2.51,RU,2023-01-16 21:21:29
569,Tura,25.5198,90.2201,50.94,52,0,2.35,IN,2023-01-16 21:21:29
570,Mihaesti,45.0333,24.25,38.01,88,100,1.57,RO,2023-01-16 21:21:29
571,San Rafael,-34.6177,-68.3301,92.66,20,47,21.27,AR,2023-01-16 21:20:44
